Errors,Id,Name
,a0FAD000001RWUf2AO,Brisbane
,a0FAD000001RWUg2AO,Brisbane
,a0FAD000001RWUh2AO,Hong Kong
,a0FAD000001RWUi2AO,Hong Kong
,a0FAD000001RWUj2AO,Indonesia
,a0FAD000001RWUk2AO,Indonesia
,a0FAD000001RWUl2AO,Malaysia
,a0FAD000001RWUm2AO,Malaysia
,a0FAD000001RWUn2AO,Papua New Guinea
,a0FAD000001RWUo2AO,Papua New Guinea
,a0FAD000001RWUp2AO,Papua New Guinea
,a0FAD000001RWUq2AO,Singapore
,a0FAD000001RWUr2AO,Singapore
,a0FAD000001RWUs2AO,Singapore
,a0FAD000001RWUt2AO,Singapore
,a0FAD000001RWUu2AO,Singapore
,a0FAD000001RWUv2AO,Singapore
,a0FAD000001RWUw2AO,Singapore
