_,Id,Name,hed__Account__c,hed__Admission_Date__c,hed__Application_Submitted_Date__c,hed__Class_Standing__c,hed__Contact__c,hed__Credits_Attempted__c,hed__Credits_Earned__c,hed__Eligible_to_Enroll__c,hed__End_Date__c,hed__Enrollment_Status__c,hed__GPA__c,hed__Graduation_Year__c,hed__Program_Plan__c,hed__Start_Date__c,Commencement_Date__c,Completion_Date__c,Discontinued_Date__c,Enrollment_Stage__c,Enrollment_Status_Date__c,Enrollment_Status__c,External_Key__c,Graduating_Faculty_A__c,Graduating_Faculty_B__c,Lead_Score_Reset__c
[hed__Program_Enrollment__c],a0JBn000000LpsLMAS,PE-1203547,,,,,0038r000003yjgTAAQ,,,FALSE,,,,,a0K8q000000V8kNEAS,,,,,,,Passed,,,,FALSE
[hed__Program_Enrollment__c],a0JBn000000LqQDMA0,PE-1203548,,2024-03-10,,,0038r000003yjgTAAQ,,,FALSE,,,,,a0K8q000000XbzYEAS,,2024-03-10,,,,,Offered,,,,FALSE
[hed__Program_Enrollment__c],a0JBn000000Mw3mMAC,PE-1203603,001Bn00000Gi0zBIAR,,,,0038r000003yjgTAAQ,,0,FALSE,,Offered,,,a0K8q000000XcExEAK,,2024-07-22,,,Offered,,Offered,,0019h000001wVUIAA2,0019h000001wVSgAAM,FALSE
[hed__Program_Enrollment__c],a0JBn000000MwAHMA0,PE-1203553,001Bn00000Gi0zBIAR,,,,0038r000003yjgTAAQ,,0,FALSE,,Offered,,,a0K8q000000XcF2EAK,,2024-07-22,,,Offered,,Offered,,0019h000001wVUIAA2,0019h000001wVSgAAM,FALSE
[hed__Program_Enrollment__c],a0JBn000000MwRyMAK,PE-1203609,001Bn00000Gi0zBIAR,,,,0038r000003yjgTAAQ,,0,FALSE,,Offered,,,a0K8q000000XfX1EAK,,2024-07-22,,,Offered,,Offered,,0019h000001wVUIAA2,0019h000001wVSgAAM,FALSE
[hed__Program_Enrollment__c],a0JBn000000MwbdMAC,PE-1203549,001Bn00000Gi0zBIAR,,,,0038r000003yjgTAAQ,,0,FALSE,,Offered,,,a0K8q000000ZOn8EAG,,2024-07-22,,,Offered,,Offered,,0019h000001wVUIAA2,0019h000001wVSgAAM,FALSE
[hed__Program_Enrollment__c],a0JBn000000MwdFMAS,PE-1203550,001Bn00000Gi0zBIAR,,,,0038r000003yjgTAAQ,,0,FALSE,,Offered,,,a0K8q000000a4YHEAY,,2024-07-22,,,Offered,,Offered,,0019h000001wVUIAA2,0019h000001wVSgAAM,FALSE
[hed__Program_Enrollment__c],a0JBn000000MwerMAC,PE-1203551,001Bn00000Gi0zBIAR,,,,0038r000003yjgTAAQ,,0,FALSE,,Offered,,,a0K8q000000aSNJEA2,,2024-07-22,,,Offered,,Offered,,0019h000001wVUIAA2,0019h000001wVSgAAM,FALSE
[hed__Program_Enrollment__c],a0JBn000000MwgTMAS,PE-1203552,001Bn00000Gi0zBIAR,,,,0038r000003yjgTAAQ,,0,FALSE,,Offered,,,a0K8q000000aZQ0EAM,,2024-07-22,,,Offered,,Offered,,0019h000001wVUIAA2,0019h000001wVSgAAM,FALSE
[hed__Program_Enrollment__c],a0JBn000000MwgUMAS,PE-1203580,001Bn00000Gi0zBIAR,,,,0038r000003yjgTAAQ,,0,FALSE,,Offered,,,a0K8q000000cpcpEAA,,2024-07-22,,,Offered,,Offered,,0019h000001wVUIAA2,0019h000001wVSgAAM,FALSE
[hed__Program_Enrollment__c],a0JBn000000Mwi5MAC,PE-1203554,001Bn00000Gi0zBIAR,,,,0038r000003yjgTAAQ,,0,FALSE,,Offered,,,a0K8q000000dXjWEAU,,2024-07-22,,,Offered,,Offered,,0019h000001wVUIAA2,0019h000001wVSgAAM,FALSE
[hed__Program_Enrollment__c],a0JBn000000MwjhMAC,PE-1203555,001Bn00000Gi0zBIAR,,,,0038r000003yjgTAAQ,,0,FALSE,,Offered,,,a0K8q000000dXkoEAE,,2024-07-22,,,Offered,,Offered,,0019h000001wVUIAA2,0019h000001wVSgAAM,FALSE
[hed__Program_Enrollment__c],a0JBn000000MwjiMAC,PE-1203576,001Bn00000Gi0zBIAR,,,,0038r000003yjgTAAQ,,0,FALSE,,Offered,,,a0K8q000000eDmnEAE,,2024-07-22,,,Offered,,Offered,,0019h000001wVUIAA2,0019h000001wVSgAAM,FALSE
[hed__Program_Enrollment__c],a0JBn000000MwlJMAS,PE-1203556,001Bn00000Gi0zBIAR,,,,0038r000003yjgTAAQ,,0,FALSE,,Offered,,,a0K8q000000ekYDEAY,,2024-07-22,,,Offered,,Offered,,0019h000001wVUIAA2,0019h000001wVSgAAM,FALSE
[hed__Program_Enrollment__c],a0JBn000000MwmvMAC,PE-1203557,001Bn00000Gi0zBIAR,,,,0038r000003yjgTAAQ,,0,FALSE,,Offered,,,a0K8q000000elFCEAY,,2024-07-22,,,Offered,,Offered,,0019h000001wVUIAA2,0019h000001wVSgAAM,FALSE
[hed__Program_Enrollment__c],a0JBn000000MwoXMAS,PE-1203558,001Bn00000Gi0zBIAR,,,,0038r000003yjgTAAQ,,0,FALSE,,Offered,,,a0K8q000000g1ZnEAI,,2024-07-22,,,Offered,,Offered,,0019h000001wVUIAA2,0019h000001wVSgAAM,FALSE
[hed__Program_Enrollment__c],a0JBn000000Mwq9MAC,PE-1203559,001Bn00000Gi0zBIAR,,,,0038r000003yjgTAAQ,,0,FALSE,,Offered,,,a0K8q000000huKJEAY,,2024-07-22,,,Offered,,Offered,,0019h000001wVUIAA2,0019h000001wVSgAAM,FALSE
[hed__Program_Enrollment__c],a0JBn000000MwrlMAC,PE-1203560,001Bn00000Gi0zBIAR,,,,0038r000003yjgTAAQ,,0,FALSE,,Offered,,,a0K8q000000iPoLEAU,,2024-07-22,,,Offered,,Offered,,0019h000001wVUIAA2,0019h000001wVSgAAM,FALSE
[hed__Program_Enrollment__c],a0JBn000000MwtNMAS,PE-1203561,001Bn00000Gi0zBIAR,,,,0038r000003yjgTAAQ,,0,FALSE,,Offered,,,a0K8q000000jzEXEAY,,2024-07-22,,,Offered,,Offered,,0019h000001wVUIAA2,0019h000001wVSgAAM,FALSE
[hed__Program_Enrollment__c],a0JBn000000MwuzMAC,PE-1203562,001Bn00000Gi0zBIAR,,,,0038r000003yjgTAAQ,,0,FALSE,,Offered,,,a0K8q000000k4lTEAQ,,2024-07-22,,,Offered,,Offered,,0019h000001wVUIAA2,0019h000001wVSgAAM,FALSE
[hed__Program_Enrollment__c],a0JBn000000MwwbMAC,PE-1203563,001Bn00000Gi0zBIAR,,,,0038r000003yjgTAAQ,,0,FALSE,,Offered,,,a0K8q000000nCsLEAU,,2024-07-22,,,Offered,,Offered,,0019h000001wVUIAA2,0019h000001wVSgAAM,FALSE
[hed__Program_Enrollment__c],a0JBn000000MwwcMAC,PE-1203566,001Bn00000Gi0zBIAR,,,,0038r00000450RiAAI,,0,FALSE,,Offered,,,a0KBn0000083yCnMAI,,2024-07-22,,,Offered,,Offered,,0019h000001wVUIAA2,0019h000001wVSgAAM,FALSE
[hed__Program_Enrollment__c],a0JBn000000MwyDMAS,PE-1203564,001Bn00000Gi0zBIAR,,,,0038r00000450RiAAI,,0,FALSE,,Offered,,,a0KBn0000084KbSMAU,,2024-07-22,,,Offered,,Offered,,0019h000001wVUIAA2,0019h000001wVSgAAM,FALSE
[hed__Program_Enrollment__c],a0JBn000000MwzpMAC,PE-1203565,001Bn00000Gi0zBIAR,,,,0038r00000450RiAAI,,0,FALSE,,Offered,,,a0KBn0000084KmjMAE,,2024-07-22,,,Offered,,Offered,,0019h000001wVUIAA2,0019h000001wVSgAAM,FALSE
[hed__Program_Enrollment__c],a0JBn000000Mx1RMAS,PE-1203568,001Bn00000Gi0zBIAR,,,,0038r00000450RiAAI,,0,FALSE,,Offered,,,a0KBn0000084L1FMAU,,2024-07-22,,,Offered,,Offered,,0019h000001wVUIAA2,0019h000001wVSgAAM,FALSE
[hed__Program_Enrollment__c],a0JBn000000Mx1SMAS,PE-1203572,001Bn00000Gi0zBIAR,,,,0038r00000450RiAAI,,0,FALSE,,Offered,,,a0KBn0000084SqjMAE,,2024-07-22,,,Offered,,Offered,,0019h000001wVUIAA2,0019h000001wVSgAAM,FALSE
[hed__Program_Enrollment__c],a0JBn000000Mx33MAC,PE-1203567,001Bn00000Gi0zBIAR,,,,0038r00000450RiAAI,,0,FALSE,,Offered,,,a0KBn0000084UB0MAM,,2024-07-22,,,Offered,,Offered,,0019h000001wVUIAA2,0019h000001wVSgAAM,FALSE
[hed__Program_Enrollment__c],a0JBn000000Mx4fMAC,PE-1203569,001Bn00000Gi0zBIAR,,,,0038r00000450RiAAI,,0,FALSE,,Offered,,,a0KBn000008HqqTMAS,,2024-07-22,,,Offered,,Offered,,0019h000001wVUIAA2,0019h000001wVSgAAM,FALSE
[hed__Program_Enrollment__c],a0JBn000000Mx6HMAS,PE-1203570,001Bn00000Gi0zBIAR,,,,0038r00000450RiAAI,,0,FALSE,,Offered,,,a0KBn000008HsU1MAK,,2024-07-22,,,Offered,,Offered,,0019h000001wVUIAA2,0019h000001wVSgAAM,FALSE
[hed__Program_Enrollment__c],a0JBn000000Mx7tMAC,PE-1203571,001Bn00000Gi0zBIAR,,,,0038r00000450RiAAI,,0,FALSE,,Offered,,,a0KBn000008HtptMAC,,2024-07-22,,,Offered,,Offered,,0019h000001wVUIAA2,0019h000001wVSgAAM,FALSE
[hed__Program_Enrollment__c],a0JBn000000Mx9VMAS,PE-1203573,001Bn00000Gi0zBIAR,,,,0038r00000450RiAAI,,0,FALSE,,Offered,,,a0KBn000008IV2MMAW,,2024-07-22,,,Offered,,Offered,,0019h000001wVUIAA2,0019h000001wVSgAAM,FALSE
[hed__Program_Enrollment__c],a0JBn000000MxB7MAK,PE-1203574,001Bn00000Gi0zBIAR,,,,0038r00000450RiAAI,,0,FALSE,,Offered,,,a0KBn000008JAn4MAG,,2024-07-22,,,Offered,,Offered,,0019h000001wVUIAA2,0019h000001wVSgAAM,FALSE
[hed__Program_Enrollment__c],a0JBn000000MxB8MAK,PE-1203628,001Bn00000Gi0zBIAR,,,,0038r00000450RiAAI,,0,FALSE,,Offered,,,a0KBn000008JBG5MAO,,2024-07-22,,,Offered,,Offered,,0019h000001wVUIAA2,0019h000001wVSgAAM,FALSE
[hed__Program_Enrollment__c],a0JBn000000MxB9MAK,PE-1203630,001Bn00000Gi0zBIAR,,,,0038r00000450RiAAI,,0,FALSE,,Offered,,,a0KBn000008JMoDMAW,,2024-07-22,,,Offered,,Offered,,0019h000001wVUIAA2,0019h000001wVSgAAM,FALSE
[hed__Program_Enrollment__c],a0JBn000000MxCjMAK,PE-1203575,001Bn00000Gi0zBIAR,,,,0038r00000450RiAAI,,0,FALSE,,Offered,,,a0KBn000008JNFdMAO,,2024-07-22,,,Offered,,Offered,,0019h000001wVUIAA2,0019h000001wVSgAAM,FALSE
[hed__Program_Enrollment__c],a0JBn000000MxCkMAK,PE-1203624,001Bn00000Gi0zBIAR,,,,0038r00000450RiAAI,,0,FALSE,,Offered,,,a0KBn000008JObWMAW,,2024-07-22,,,Offered,,Offered,,0019h000001wVUIAA2,0019h000001wVSgAAM,FALSE
[hed__Program_Enrollment__c],a0JBn000000MxClMAK,PE-1203626,001Bn00000Gi0zBIAR,,,,0038r00000450RiAAI,,0,FALSE,,Offered,,,a0KBn000008JQDVMA4,,2024-07-22,,,Offered,,Offered,,0019h000001wVUIAA2,0019h000001wVSgAAM,FALSE
[hed__Program_Enrollment__c],a0JBn000000MxELMA0,PE-1203577,001Bn00000Gi0zBIAR,,,,0038r00000450RiAAI,,0,FALSE,,Offered,,,a0KBn000008JxnnMAC,,2024-07-22,,,Offered,,Offered,,0019h000001wVUIAA2,0019h000001wVSgAAM,FALSE
[hed__Program_Enrollment__c],a0JBn000000MxFxMAK,PE-1203578,001Bn00000Gi0zBIAR,,,,0038r00000450RiAAI,,0,FALSE,,Offered,,,a0KBn000008JyTjMAK,,2024-07-22,,,Offered,,Offered,,0019h000001wVUIAA2,0019h000001wVSgAAM,FALSE
[hed__Program_Enrollment__c],a0JBn000000MxHZMA0,PE-1203579,001Bn00000Gi0zBIAR,,,,0038r00000450RiAAI,,0,FALSE,,Offered,,,a0KBn000008K4AvMAK,,2024-07-22,,,Offered,,Offered,,0019h000001wVUIAA2,0019h000001wVSgAAM,FALSE
[hed__Program_Enrollment__c],a0JBn000000MxHaMAK,PE-1203738,001Bn00000Gi0zBIAR,,,,0038r00000450RiAAI,,0,FALSE,,Offered,,,a0KBn000008K4SfMAK,,2024-07-22,,,Offered,,Offered,,0019h000001wVUIAA2,0019h000001wVSgAAM,FALSE
[hed__Program_Enrollment__c],a0JBn000000MxJBMA0,PE-1203581,001Bn00000Gi0zBIAR,,,,0038r00000450RiAAI,,0,FALSE,,Offered,,,a0KBn000008KVPdMAO,,2024-07-22,,,Offered,,Offered,,0019h000001wVUIAA2,0019h000001wVSgAAM,FALSE
[hed__Program_Enrollment__c],a0JBn000000MxKnMAK,PE-1203582,001Bn00000Gi0zBIAR,,,,0038r00000450RiAAI,,0,FALSE,,Offered,,,a0KBn000008KVcXMAW,,2024-07-22,,,Offered,,Offered,,0019h000001wVUIAA2,0019h000001wVSgAAM,FALSE
[hed__Program_Enrollment__c],a0JBn000000MxKoMAK,PE-1203667,001Bn00000Gi0zBIAR,,,,0038r00000450RiAAI,,0,FALSE,,Offered,,,a0KBn000008KWX0MAO,,2024-07-22,,,Offered,,Offered,,0019h000001wVUIAA2,0019h000001wVSgAAM,FALSE
[hed__Program_Enrollment__c],a0JBn000000MxMPMA0,PE-1203583,001Bn00000Gi0zBIAR,,,,0038r00000450RiAAI,,0,FALSE,,Offered,,,a0KBn000008KWn7MAG,,2024-07-22,,,Offered,,Offered,,0019h000001wVUIAA2,0019h000001wVSgAAM,FALSE
[hed__Program_Enrollment__c],a0JBn000000MxMQMA0,PE-1203601,001Bn00000Gi0zBIAR,,,,0038r00000450RiAAI,,0,FALSE,,Offered,,,a0KBn000008KddJMAS,,2024-07-22,,,Offered,,Offered,,0019h000001wVUIAA2,0019h000001wVSgAAM,FALSE
[hed__Program_Enrollment__c],a0JBn000000MxO1MAK,PE-1203584,001Bn00000Gi0zBIAR,,,,0038r00000450RiAAI,,0,FALSE,,Offered,,,a0KBn000008KdztMAC,,2024-07-22,,,Offered,,Offered,,0019h000001wVUIAA2,0019h000001wVSgAAM,FALSE
[hed__Program_Enrollment__c],a0JBn000000MxO2MAK,PE-1203620,001Bn00000Gi0zBIAR,,,,0038r00000450RiAAI,,0,FALSE,,Offered,,,a0KBn000008KfATMA0,,2024-07-22,,,Offered,,Offered,,0019h000001wVUIAA2,0019h000001wVSgAAM,FALSE
[hed__Program_Enrollment__c],a0JBn000000MxPdMAK,PE-1203585,001Bn00000Gi0zBIAR,,,,0038r00000450RiAAI,,0,FALSE,,Offered,,,a0KBn000008KfGvMAK,,2024-07-22,,,Offered,,Offered,,0019h000001wVUIAA2,0019h000001wVSgAAM,FALSE
[hed__Program_Enrollment__c],a0JBn000000MxPeMAK,PE-1203715,001Bn00000Gi0zBIAR,,,,0038r00000450RiAAI,,0,FALSE,,Offered,,,a0KBn000008KxtmMAC,,2024-07-22,,,Offered,,Offered,,0019h000001wVUIAA2,0019h000001wVSgAAM,FALSE
[hed__Program_Enrollment__c],a0JBn000000MxPfMAK,PE-1203717,001Bn00000Gi0zBIAR,,,,0038r00000450RiAAI,,0,FALSE,,Offered,,,a0KBn000008Ky6fMAC,,2024-07-22,,,Offered,,Offered,,0019h000001wVUIAA2,0019h000001wVSgAAM,FALSE
[hed__Program_Enrollment__c],a0JBn000000MxPgMAK,PE-1203746,001Bn00000Gi0zBIAR,,,,0038r00000450RiAAI,,0,FALSE,,Offered,,,a0KBn000008KycxMAC,,2024-07-22,,,Offered,,Offered,,0019h000001wVUIAA2,0019h000001wVSgAAM,FALSE
[hed__Program_Enrollment__c],a0JBn000000MxSrMAK,PE-1203586,001Bn00000Gi0zBIAR,,,,0038r00000450RiAAI,,0,FALSE,,Offered,,,a0KBn000008KzIrMAK,,2024-07-22,,,Offered,,Offered,,0019h000001wVUIAA2,0019h000001wVSgAAM,FALSE
[hed__Program_Enrollment__c],a0JBn000000MxUTMA0,PE-1203587,001Bn00000Gi0zBIAR,,,,0038r00000450RiAAI,,0,FALSE,,Offered,,,a0KBn000008L7zZMAS,,2024-07-22,,,Offered,,Offered,,0019h000001wVUIAA2,0019h000001wVSgAAM,FALSE
[hed__Program_Enrollment__c],a0JBn000000MxUUMA0,PE-1203651,001Bn00000Gi0zBIAR,,,,0038r00000450RiAAI,,0,FALSE,,Offered,,,a0KBn000008L8IvMAK,,2024-07-22,,,Offered,,Offered,,0019h000001wVUIAA2,0019h000001wVSgAAM,FALSE
[hed__Program_Enrollment__c],a0JBn000000MxW5MAK,PE-1203588,001Bn00000Gi0zBIAR,,,,0038r00000450RiAAI,,0,FALSE,,Offered,,,a0KBn000008L9QHMA0,,2024-07-22,,,Offered,,Offered,,0019h000001wVUIAA2,0019h000001wVSgAAM,FALSE
[hed__Program_Enrollment__c],a0JBn000000MxW6MAK,PE-1203594,001Bn00000Gi0zBIAR,,,,0038r00000450RiAAI,,0,FALSE,,Offered,,,a0KBn000008LZXdMAO,,2024-07-22,,,Offered,,Offered,,0019h000001wVUIAA2,0019h000001wVSgAAM,FALSE
[hed__Program_Enrollment__c],a0JBn000000MxXhMAK,PE-1203589,001Bn00000Gi0zBIAR,2024-03-27,,,0038r00000450RiAAI,,0,FALSE,,Admitted,,,a0KBn000008LaALMA0,2024-07-22,2024-07-22,,,Admitted,,Admitted,,0019h000001wVUIAA2,0019h000001wVSgAAM,TRUE
[hed__Program_Enrollment__c],a0JBn000000MxXiMAK,PE-1203605,001Bn00000Gi0zBIAR,,,,0038r00000450RiAAI,,0,FALSE,,Offered,,,a0KBn000008LwyrMAC,,2024-07-22,,,Offered,,Offered,,0019h000001wVUIAA2,0019h000001wVSgAAM,FALSE
[hed__Program_Enrollment__c],a0JBn000000MxZJMA0,PE-1203590,001Bn00000Gi0zBIAR,,,,0038r00000450RiAAI,,0,FALSE,,Offered,,,a0KBn000008LyhJMAS,,2024-07-22,,,Offered,,Offered,,0019h000001wVUIAA2,0019h000001wVSgAAM,FALSE
[hed__Program_Enrollment__c],a0JBn000000MxavMAC,PE-1203591,001Bn00000Gi0zBIAR,,,,0038r00000450RiAAI,,0,FALSE,,Offered,,,a0KBn000008MHvFMAW,,2024-07-22,,,Offered,,Offered,,0019h000001wVUIAA2,0019h000001wVSgAAM,FALSE
[hed__Program_Enrollment__c],a0JBn000000MxcXMAS,PE-1203592,001Bn00000Gi0zBIAR,,,,0038r00000450RiAAI,,0,FALSE,,Offered,,,a0KBn000008MIxmMAG,,2024-07-22,,,Offered,,Offered,,0019h000001wVUIAA2,0019h000001wVSgAAM,FALSE
[hed__Program_Enrollment__c],a0JBn000000Mxe9MAC,PE-1203593,001Bn00000Gi0zBIAR,,,,0038r00000450RiAAI,,0,FALSE,,Offered,,,a0KBn000008MYG9MAO,,2024-07-22,,,Offered,,Offered,,0019h000001wVUIAA2,0019h000001wVSgAAM,FALSE
[hed__Program_Enrollment__c],a0JBn000000MxflMAC,PE-1203595,001Bn00000Gi0zBIAR,,,,0038r00000450RiAAI,,0,FALSE,,Offered,,,a0KBn000008MsTPMA0,,2024-07-22,,,Offered,,Offered,,0019h000001wVUIAA2,0019h000001wVSgAAM,FALSE
[hed__Program_Enrollment__c],a0JBn000000MxhOMAS,PE-1203622,001Bn00000Gi0zBIAR,,,,0038r00000450RiAAI,,0,FALSE,,Offered,,,a0KBn000008N7kAMAS,,2024-07-22,,,Offered,,Offered,,0019h000001wVUIAA2,0019h000001wVSgAAM,FALSE
[hed__Program_Enrollment__c],a0JBn000000Mxj0MAC,PE-1203612,001Bn00000Gi0zBIAR,,,,0038r00000450RiAAI,,0,FALSE,,Offered,,,a0KBn000008NA8XMAW,,2024-07-22,,,Offered,,Offered,,0019h000001wVUIAA2,0019h000001wVSgAAM,FALSE
[hed__Program_Enrollment__c],a0JBn000000MxkbMAC,PE-1203596,001Bn00000Gi0zBIAR,,,,0038r00000450RiAAI,,0,FALSE,,Offered,,,a0KBn000008NAEzMAO,,2024-07-22,,,Offered,,Offered,,0019h000001wVUIAA2,0019h000001wVSgAAM,FALSE
[hed__Program_Enrollment__c],a0JBn000000MxmDMAS,PE-1203597,001Bn00000Gi0zBIAR,,,,0038r00000450RiAAI,,0,FALSE,,Offered,,,a0KBn000008NAOfMAO,,2024-07-22,,,Offered,,Offered,,0019h000001wVUIAA2,0019h000001wVSgAAM,FALSE
[hed__Program_Enrollment__c],a0JBn000000MxnpMAC,PE-1203598,001Bn00000Gi0zBIAR,,,,0038r00000450RiAAI,,0,FALSE,,Offered,,,a0KBn000008NEdaMAG,,2024-07-22,,,Offered,,Offered,,0019h000001wVUIAA2,0019h000001wVSgAAM,FALSE
[hed__Program_Enrollment__c],a0JBn000000MxnqMAC,PE-1203656,001Bn00000Gi0zBIAR,,,,0038r00000450RiAAI,,0,FALSE,,Offered,,,a0KBn000008NFOLMA4,,2024-07-22,,,Offered,,Offered,,0019h000001wVUIAA2,0019h000001wVSgAAM,FALSE
[hed__Program_Enrollment__c],a0JBn000000MxpRMAS,PE-1203599,001Bn00000Gi0zBIAR,,,,0038r00000450RiAAI,,0,FALSE,,Offered,,,a0KBn000008NHErMAO,,2024-07-22,,,Offered,,Offered,,0019h000001wVUIAA2,0019h000001wVSgAAM,FALSE
[hed__Program_Enrollment__c],a0JBn000000Mxr3MAC,PE-1203600,001Bn00000Gi0zBIAR,,,,0038r00000450RiAAI,,0,FALSE,,Offered,,,a0KBn000008NOQ1MAO,,2024-07-22,,,Offered,,Offered,,0019h000001wVUIAA2,0019h000001wVSgAAM,FALSE
[hed__Program_Enrollment__c],a0JBn000000MxsfMAC,PE-1203602,001Bn00000Gi0zBIAR,,,,0038r00000450RiAAI,,0,FALSE,,Offered,,,a0KBn000008NPYzMAO,,2024-07-22,,,Offered,,Offered,,0019h000001wVUIAA2,0019h000001wVSgAAM,FALSE
[hed__Program_Enrollment__c],a0JBn000000MxsgMAC,PE-1203615,001Bn00000Gi0zBIAR,,,,0038r00000450RiAAI,,0,FALSE,,Offered,,,a0KBn000008NPqjMAG,,2024-07-22,,,Offered,,Offered,,0019h000001wVUIAA2,0019h000001wVSgAAM,FALSE
[hed__Program_Enrollment__c],a0JBn000000MxuHMAS,PE-1203604,001Bn00000Gi0zBIAR,,,,0038r00000450RiAAI,,0,FALSE,,Offered,,,a0KBn000008Ncj8MAC,,2024-07-22,,,Offered,,Offered,,0019h000001wVUIAA2,0019h000001wVSgAAM,FALSE
[hed__Program_Enrollment__c],a0JBn000000MxvtMAC,PE-1203606,001Bn00000Gi0zBIAR,,,,0038r00000450RiAAI,,0,FALSE,,Offered,,,a0KBn000008NdVWMA0,,2024-07-22,,,Offered,,Offered,,0019h000001wVUIAA2,0019h000001wVSgAAM,FALSE
[hed__Program_Enrollment__c],a0JBn000000MxvuMAC,PE-1203652,001Bn00000Gi0zBIAR,,,,0038r00000450RiAAI,,0,FALSE,,Offered,,,a0KBn000008Ne09MAC,,2024-07-22,,,Offered,,Offered,,0019h000001wVUIAA2,0019h000001wVSgAAM,FALSE
[hed__Program_Enrollment__c],a0JBn000000MxvvMAC,PE-1203721,001Bn00000Gi0zBIAR,,,,0038r00000450RiAAI,,0,FALSE,,Offered,,,a0KBn000008NkokMAC,,2024-07-22,,,Offered,,Offered,,0019h000001wVUIAA2,0019h000001wVSgAAM,FALSE
[hed__Program_Enrollment__c],a0JBn000000MxvwMAC,PE-1203755,001Bn00000Gi0zBIAR,,,,0038r00000450RiAAI,,0,FALSE,,Offered,,,a0KBn000008NmDqMAK,,2024-07-22,,,Offered,,Offered,,0019h000001wVUIAA2,0019h000001wVSgAAM,FALSE
[hed__Program_Enrollment__c],a0JBn000000MxxVMAS,PE-1203607,001Bn00000Gi0zBIAR,,,,0038r00000450RiAAI,,0,FALSE,,Offered,,,a0KBn000008NmKHMA0,,2024-07-22,,,Offered,,Offered,,0019h000001wVUIAA2,0019h000001wVSgAAM,FALSE
[hed__Program_Enrollment__c],a0JBn000000MxxWMAS,PE-1203688,001Bn00000Gi0zBIAR,,,,0038r00000450RiAAI,,0,FALSE,,Offered,,,a0KBn000008NmSLMA0,,2024-07-22,,,Offered,,Offered,,0019h000001wVUIAA2,0019h000001wVSgAAM,FALSE
[hed__Program_Enrollment__c],a0JBn000000Mxz7MAC,PE-1203608,001Bn00000Gi0zBIAR,,,,0038r00000450RiAAI,,0,FALSE,,Offered,,,a0KBn000008NmTxMAK,,2024-07-22,,,Offered,,Offered,,0019h000001wVUIAA2,0019h000001wVSgAAM,FALSE
[hed__Program_Enrollment__c],a0JBn000000My0jMAC,PE-1203610,001Bn00000Gi0zBIAR,,,,0038r00000450RiAAI,,0,FALSE,,Offered,,,a0KBn000008NmovMAC,,2024-07-22,,,Offered,,Offered,,0019h000001wVUIAA2,0019h000001wVSgAAM,FALSE
[hed__Program_Enrollment__c],a0JBn000000My2LMAS,PE-1203611,001Bn00000Gi0zBIAR,,,,0038r00000450RiAAI,,0,FALSE,,Offered,,,a0KBn000008NnGLMA0,,2024-07-22,,,Offered,,Offered,,0019h000001wVUIAA2,0019h000001wVSgAAM,FALSE
[hed__Program_Enrollment__c],a0JBn000000My3xMAC,PE-1203613,001Bn00000Gi0zBIAR,,,,0038r00000450RiAAI,,0,FALSE,,Offered,,,a0KBn000008NqVxMAK,,2024-07-22,,,Offered,,Offered,,0019h000001wVUIAA2,0019h000001wVSgAAM,FALSE
[hed__Program_Enrollment__c],a0JBn000000My5ZMAS,PE-1203614,001Bn00000Gi0zBIAR,,,,0038r00000450RiAAI,,0,FALSE,,Offered,,,a0KBn000008NqnhMAC,,2024-07-22,,,Offered,,Offered,,0019h000001wVUIAA2,0019h000001wVSgAAM,FALSE
[hed__Program_Enrollment__c],a0JBn000000My5aMAC,PE-1203637,001Bn00000Gi0zBIAR,,,,0038r00000450RiAAI,,0,FALSE,,Offered,,,a0KBn000008O22TMAS,,2024-07-22,,,Offered,,Offered,,0019h000001wVUIAA2,0019h000001wVSgAAM,FALSE
[hed__Program_Enrollment__c],a0JBn000000My5bMAC,PE-1203643,001Bn00000Gi0zBIAR,,,,0038r00000450RiAAI,,0,FALSE,,Offered,,,a0KBn000008O2IbMAK,,2024-07-22,,,Offered,,Offered,,0019h000001wVUIAA2,0019h000001wVSgAAM,FALSE
[hed__Program_Enrollment__c],a0JBn000000My7BMAS,PE-1203616,001Bn00000Gi0zBIAR,,,,0038r00000450RiAAI,,0,FALSE,,Offered,,,a0KBn000008O9DeMAK,,2024-07-22,,,Offered,,Offered,,0019h000001wVUIAA2,0019h000001wVSgAAM,FALSE
[hed__Program_Enrollment__c],a0JBn000000My8nMAC,PE-1203617,001Bn00000Gi0zBIAR,,,,0038r00000450RiAAI,,0,FALSE,,Offered,,,a0KBn000008OA9hMAG,,2024-07-22,,,Offered,,Offered,,0019h000001wVUIAA2,0019h000001wVSgAAM,FALSE
[hed__Program_Enrollment__c],a0JBn000000My8oMAC,PE-1203662,001Bn00000Gi0zBIAR,,,,0038r00000450RiAAI,,0,FALSE,,Offered,,,a0KBn000008ODCPMA4,,2024-07-22,,,Offered,,Offered,,0019h000001wVUIAA2,0019h000001wVSgAAM,FALSE
[hed__Program_Enrollment__c],a0JBn000000MyAPMA0,PE-1203618,001Bn00000Gi0zBIAR,,,,0038r00000450RiAAI,,0,FALSE,,Offered,,,a0KBn000008ODM5MAO,,2024-07-22,,,Offered,,Offered,,0019h000001wVUIAA2,0019h000001wVSgAAM,FALSE
[hed__Program_Enrollment__c],a0JBn000000MyAQMA0,PE-1203761,001Bn00000Gi0zBIAR,,,,0038r00000450RiAAI,,0,FALSE,,Offered,,,a0KBn000008OT5uMAG,,2024-07-22,,,Offered,,Offered,,0019h000001wVUIAA2,0019h000001wVSgAAM,FALSE
[hed__Program_Enrollment__c],a0JBn000000MyC1MAK,PE-1203619,001Bn00000Gi0zBIAR,,,,0038r00000450RiAAI,,0,FALSE,,Offered,,,a0KBn000008OTFaMAO,,2024-07-22,,,Offered,,Offered,,0019h000001wVUIAA2,0019h000001wVSgAAM,FALSE
[hed__Program_Enrollment__c],a0JBn000000MyDdMAK,PE-1203621,001Bn00000Gi0zBIAR,,,,0038r00000450RiAAI,,0,FALSE,,Offered,,,a0KBn000008OTM1MAO,,2024-07-22,,,Offered,,Offered,,0019h000001wVUIAA2,0019h000001wVSgAAM,FALSE
[hed__Program_Enrollment__c],a0JBn000000MyFFMA0,PE-1203623,001Bn00000Gi0zBIAR,,,,0038r0000040Ua6AAE,,0,FALSE,,Offered,,,a0KBn000008OTsJMAW,,2024-07-22,,,Offered,,Offered,,0019h000001wVUIAA2,0019h000001wVSgAAM,FALSE
[hed__Program_Enrollment__c],a0JBn000000MyGrMAK,PE-1203625,001Bn00000Gi0zBIAR,,,,0038r0000040Ua6AAE,,0,FALSE,,Offered,,,a0KBn000008Onm9MAC,,2024-07-22,,,Offered,,Offered,,0019h000001wVUIAA2,0019h000001wVSgAAM,FALSE
[hed__Program_Enrollment__c],a0JBn000000MyGsMAK,PE-1203635,001Bn00000Gi0zBIAR,,,,0038r0000040Ua6AAE,,0,FALSE,,Offered,,,a0KBn000008OogbMAC,,2024-07-22,,,Offered,,Offered,,0019h000001wVUIAA2,0019h000001wVSgAAM,FALSE
[hed__Program_Enrollment__c],a0JBn000000MyITMA0,PE-1203627,001Bn00000Gi0zBIAR,,,,0038r0000040Ua6AAE,,0,FALSE,,Offered,,,a0KBn000008OolRMAS,,2024-07-22,,,Offered,,Offered,,0019h000001wVUIAA2,0019h000001wVSgAAM,FALSE
[hed__Program_Enrollment__c],a0JBn000000MyK5MAK,PE-1203629,001Bn00000Gi0zBIAR,,,,0038r0000040Ua6AAE,,0,FALSE,,Offered,,,a0KBn000008OortMAC,,2024-07-22,,,Offered,,Offered,,0019h000001wVUIAA2,0019h000001wVSgAAM,FALSE
[hed__Program_Enrollment__c],a0JBn000000MyLhMAK,PE-1203631,001Bn00000Gi0zBIAR,,,,0038r0000040Ua6AAE,,0,FALSE,,Offered,,,a0KBn000008Op3BMAS,,2024-07-22,,,Offered,,Offered,,0019h000001wVUIAA2,0019h000001wVSgAAM,FALSE
[hed__Program_Enrollment__c],a0JBn000000MyNJMA0,PE-1203632,001Bn00000Gi0zBIAR,,,,0038r0000040Ua6AAE,,0,FALSE,,Offered,,,a0KBn000008Op4nMAC,,2024-07-22,,,Offered,,Offered,,0019h000001wVUIAA2,0019h000001wVSgAAM,FALSE
[hed__Program_Enrollment__c],a0JBn000000MyPAMA0,PE-1203649,001Bn00000Gi0zBIAR,,,,0038r0000040Ua6AAE,,0,FALSE,,Offered,,,a0KBn000008OqLpMAK,,2024-07-22,,,Offered,,Offered,,0019h000001wVUIAA2,0019h000001wVSgAAM,FALSE
[hed__Program_Enrollment__c],a0JBn000000MyQXMA0,PE-1203633,001Bn00000Gi0zBIAR,,,,0038r0000040Ua6AAE,,0,FALSE,,Offered,,,a0KBn000008P9I2MAK,,2024-07-22,,,Offered,,Offered,,0019h000001wVUIAA2,0019h000001wVSgAAM,FALSE
[hed__Program_Enrollment__c],a0JBn000000MyS9MAK,PE-1203634,001Bn00000Gi0zBIAR,,,,0038r0000040Ua6AAE,,0,FALSE,,Offered,,,a0KBn000008PAM9MAO,,2024-07-22,,,Offered,,Offered,,0019h000001wVUIAA2,0019h000001wVSgAAM,FALSE
[hed__Program_Enrollment__c],a0JBn000000MyTlMAK,PE-1203636,001Bn00000Gi0zBIAR,,,,0038r0000040Ua6AAE,,0,FALSE,,Offered,,,a0KBn000008PGg5MAG,,2024-07-22,,,Offered,,Offered,,0019h000001wVUIAA2,0019h000001wVSgAAM,FALSE
[hed__Program_Enrollment__c],a0JBn000000MyVNMA0,PE-1203638,001Bn00000Gi0zBIAR,,,,0038r0000040Ua6AAE,,0,FALSE,,Offered,,,a0KBn000008PNzJMAW,,2024-07-22,,,Offered,,Offered,,0019h000001wVUIAA2,0019h000001wVSgAAM,FALSE
[hed__Program_Enrollment__c],a0JBn000000MyVOMA0,PE-1203640,001Bn00000Gi0zBIAR,,,,0038r0000040Ua6AAE,,0,FALSE,,Offered,,,a0KBn000008PRurMAG,,2024-07-22,,,Offered,,Offered,,0019h000001wVUIAA2,0019h000001wVSgAAM,FALSE
[hed__Program_Enrollment__c],a0JBn000000MyWzMAK,PE-1203639,001Bn00000Gi0zBIAR,,,,0038r0000040Ua6AAE,,0,FALSE,,Offered,,,a0KBn000008PSXZMA4,,2024-07-22,,,Offered,,Offered,,0019h000001wVUIAA2,0019h000001wVSgAAM,FALSE
[hed__Program_Enrollment__c],a0JBn000000MyYbMAK,PE-1203641,001Bn00000Gi0zBIAR,,,,0038r0000040Ua6AAE,,0,FALSE,,Offered,,,a0KBn000008PSm5MAG,,2024-07-22,,,Offered,,Offered,,0019h000001wVUIAA2,0019h000001wVSgAAM,FALSE
[hed__Program_Enrollment__c],a0JBn000000Myf3MAC,PE-1203642,001Bn00000Gi0zBIAR,,,,0038r0000040Ua6AAE,,0,FALSE,,Offered,,,a0KBn000008PSyzMAG,,2024-07-22,,,Offered,,Offered,,0019h000001wVUIAA2,0019h000001wVSgAAM,FALSE
[hed__Program_Enrollment__c],a0JBn000000MyiHMAS,PE-1203644,001Bn00000Gi0zBIAR,,,,0038r0000040Ua6AAE,,0,FALSE,,Offered,,,a0KBn000008PTYTMA4,,2024-07-22,,,Offered,,Offered,,0019h000001wVUIAA2,0019h000001wVSgAAM,FALSE
[hed__Program_Enrollment__c],a0JBn000000MyiIMAS,PE-1203647,001Bn00000Gi0zBIAR,,,,0038r0000040Ua6AAE,,0,FALSE,,Offered,,,a0KBn000008PTobMAG,,2024-07-22,,,Offered,,Offered,,0019h000001wVUIAA2,0019h000001wVSgAAM,FALSE
[hed__Program_Enrollment__c],a0JBn000000MyjtMAC,PE-1203645,001Bn00000Gi0zBIAR,,,,0038r0000040Ua6AAE,,0,FALSE,,Offered,,,a0KBn000008PUO5MAO,,2024-07-22,,,Offered,,Offered,,0019h000001wVUIAA2,0019h000001wVSgAAM,FALSE
[hed__Program_Enrollment__c],a0JBn000000MyjuMAC,PE-1203648,001Bn00000Gi0zBIAR,,,,0038r0000040Ua6AAE,,0,FALSE,,Offered,,,a0KBn000008PbSnMAK,,2024-07-22,,,Offered,,Offered,,0019h000001wVUIAA2,0019h000001wVSgAAM,FALSE
[hed__Program_Enrollment__c],a0JBn000000MylVMAS,PE-1203646,001Bn00000Gi0zBIAR,,,,0038r0000040Ua6AAE,,0,FALSE,,Offered,,,a0KBn000008PcFCMA0,,2024-07-22,,,Offered,,Offered,,0019h000001wVUIAA2,0019h000001wVSgAAM,FALSE
[hed__Program_Enrollment__c],a0JBn000000Myn7MAC,PE-1203650,001Bn00000Gi0zBIAR,,,,0038r0000040Ua6AAE,,0,FALSE,,Offered,,,a0KBn000008PcIPMA0,,2024-07-22,,,Offered,,Offered,,0019h000001wVUIAA2,0019h000001wVSgAAM,FALSE
[hed__Program_Enrollment__c],a0JBn000000MyojMAC,PE-1203653,001Bn00000Gi0zBIAR,,,,0038r0000040Ua6AAE,,0,FALSE,,Offered,,,a0KBn000008PcdNMAS,,2024-07-22,,,Offered,,Offered,,0019h000001wVUIAA2,0019h000001wVSgAAM,FALSE
[hed__Program_Enrollment__c],a0JBn000000MyokMAC,PE-1203655,001Bn00000Gi0zBIAR,,,,0038r0000040Ua6AAE,,0,FALSE,,Offered,,,a0KBn000008Pcv7MAC,,2024-07-22,,,Offered,,Offered,,0019h000001wVUIAA2,0019h000001wVSgAAM,FALSE
[hed__Program_Enrollment__c],a0JBn000000MyqLMAS,PE-1203654,001Bn00000Gi0zBIAR,,,,0038r0000040Ua6AAE,,0,FALSE,,Offered,,,a0KBn000008PdG5MAK,,2024-07-22,,,Offered,,Offered,,0019h000001wVUIAA2,0019h000001wVSgAAM,FALSE
[hed__Program_Enrollment__c],a0JBn000000Mz4sMAC,PE-1203756,001Bn00000Gi0zBIAR,,,,0038r0000040Ua6AAE,,0,FALSE,,Offered,,,a0KBn000008PdcfMAC,,2024-07-22,,,Offered,,Offered,,0019h000001wVUIAA2,0019h000001wVSgAAM,FALSE
[hed__Program_Enrollment__c],a0JBn000000MzCwMAK,PE-1203726,001Bn00000Gi0zBIAR,,,,0038r0000040Ua6AAE,,0,FALSE,,Offered,,,a0KBn000008PunCMAS,,2024-07-22,,,Offered,,Offered,,0019h000001wVUIAA2,0019h000001wVSgAAM,FALSE
[hed__Program_Enrollment__c],a0JBn000000MzEXMA0,PE-1203657,001Bn00000Gi0zBIAR,,,,0038r0000040Ua6AAE,,0,FALSE,,Offered,,,a0KBn000008PuonMAC,,2024-07-22,,,Offered,,Offered,,0019h000001wVUIAA2,0019h000001wVSgAAM,FALSE
[hed__Program_Enrollment__c],a0JBn000000MzG9MAK,PE-1203658,001Bn00000Gi0zBIAR,,,,0038r0000040Ua6AAE,,0,FALSE,,Offered,,,a0KBn000008Q4eTMAS,,2024-07-22,,,Offered,,Offered,,0019h000001wVUIAA2,0019h000001wVSgAAM,FALSE
[hed__Program_Enrollment__c],a0JBn000000MzHlMAK,PE-1203659,001Bn00000Gi0zBIAR,,,,0038r0000040Ua6AAE,,0,FALSE,,Offered,,,a0KBn000008Q5LyMAK,,2024-07-22,,,Offered,,Offered,,0019h000001wVUIAA2,0019h000001wVSgAAM,FALSE
[hed__Program_Enrollment__c],a0JBn000000MzJNMA0,PE-1203660,001Bn00000Gi0zBIAR,,,,0038r0000040Ua6AAE,,0,FALSE,,Offered,,,a0KBn000008Q5c9MAC,,2024-07-22,,,Offered,,Offered,,0019h000001wVUIAA2,0019h000001wVSgAAM,FALSE
[hed__Program_Enrollment__c],a0JBn000000MzJOMA0,PE-1203734,001Bn00000Gi0zBIAR,,,,0038r0000040Ua6AAE,,0,FALSE,,Offered,,,a0KBn000008Q5p3MAC,,2024-07-22,,,Offered,,Offered,,0019h000001wVUIAA2,0019h000001wVSgAAM,FALSE
[hed__Program_Enrollment__c],a0JBn000000MzJPMA0,PE-1203758,001Bn00000Gi0zBIAR,,,,0038r0000040Ua6AAE,,0,FALSE,,Offered,,,a0KBn000008Q5ttMAC,,2024-07-22,,,Offered,,Offered,,0019h000001wVUIAA2,0019h000001wVSgAAM,FALSE
[hed__Program_Enrollment__c],a0JBn000000MzKzMAK,PE-1203661,001Bn00000Gi0zBIAR,,,,0038r0000040Ua6AAE,,0,FALSE,,Offered,,,a0KBn000008Q6ErMAK,,2024-07-22,,,Offered,,Offered,,0019h000001wVUIAA2,0019h000001wVSgAAM,FALSE
[hed__Program_Enrollment__c],a0JBn000000MzL0MAK,PE-1203663,001Bn00000Gi0zBIAR,,,,0038r0000040Ua6AAE,,0,FALSE,,Offered,,,a0KBn000008Q6unMAC,,2024-07-22,,,Offered,,Offered,,0019h000001wVUIAA2,0019h000001wVSgAAM,FALSE
[hed__Program_Enrollment__c],a0JBn000000MzMbMAK,PE-1203664,001Bn00000Gi0zBIAR,,,,0038r0000040Ua6AAE,,0,FALSE,,Offered,,,a0KBn000008QXyDMAW,,2024-07-22,,,Offered,,Offered,,0019h000001wVUIAA2,0019h000001wVSgAAM,FALSE
[hed__Program_Enrollment__c],a0JBn000000MzODMA0,PE-1203665,001Bn00000Gi0zBIAR,,,,0038r0000040Ua6AAE,,0,FALSE,,Offered,,,a0KBn000008QYJCMA4,,2024-07-22,,,Offered,,Offered,,0019h000001wVUIAA2,0019h000001wVSgAAM,FALSE
[hed__Program_Enrollment__c],a0JBn000000MzPpMAK,PE-1203666,001Bn00000Gi0zBIAR,,,,0038r0000040Ua6AAE,,0,FALSE,,Offered,,,a0KBn000008QYW5MAO,,2024-07-22,,,Offered,,Offered,,0019h000001wVUIAA2,0019h000001wVSgAAM,FALSE
[hed__Program_Enrollment__c],a0JBn000000MzRRMA0,PE-1203668,001Bn00000Gi0zBIAR,,,,0038r0000040Ua6AAE,,0,FALSE,,Offered,,,a0KBn000008QYr3MAG,,2024-07-22,,,Offered,,Offered,,0019h000001wVUIAA2,0019h000001wVSgAAM,FALSE
[hed__Program_Enrollment__c],a0JBn000000MzT3MAK,PE-1203669,001Bn00000Gi0zBIAR,,,,0038r0000040Ua6AAE,,0,FALSE,,Offered,,,a0KBn000008QYsfMAG,,2024-07-22,,,Offered,,Offered,,0019h000001wVUIAA2,0019h000001wVSgAAM,FALSE
[hed__Program_Enrollment__c],a0JBn000000MzT4MAK,PE-1203713,001Bn00000Gi0zBIAR,,,,0038r0000040Ua6AAE,,0,FALSE,,Offered,,,a0KBn000008QZ2LMAW,,2024-07-22,,,Offered,,Offered,,0019h000001wVUIAA2,0019h000001wVSgAAM,FALSE
[hed__Program_Enrollment__c],a0JBn000000MzUfMAK,PE-1203670,001Bn00000Gi0zBIAR,,,,0038r0000040Ua6AAE,,0,FALSE,,Offered,,,a0KBn000008QfvlMAC,,2024-07-22,,,Offered,,Offered,,0019h000001wVUIAA2,0019h000001wVSgAAM,FALSE
[hed__Program_Enrollment__c],a0JBn000000MzXtMAK,PE-1203671,001Bn00000Gi0zBIAR,,,,0038r0000040Ua6AAE,,0,FALSE,,Offered,,,a0KBn000008QhZNMA0,,2024-07-22,,,Offered,,Offered,,0019h000001wVUIAA2,0019h000001wVSgAAM,FALSE
[hed__Program_Enrollment__c],a0JBn000000MzZVMA0,PE-1203672,001Bn00000Gi0zBIAR,,,,0038r0000040Ua6AAE,,0,FALSE,,Offered,,,a0KBn000008QnBnMAK,,2024-07-22,,,Offered,,Offered,,0019h000001wVUIAA2,0019h000001wVSgAAM,FALSE
[hed__Program_Enrollment__c],a0JBn000000Mzb7MAC,PE-1203673,001Bn00000Gi0zBIAR,,,,0038r0000040Ua6AAE,,0,FALSE,,Offered,,,a0KBn000008QpGnMAK,,2024-07-22,,,Offered,,Offered,,0019h000001wVUIAA2,0019h000001wVSgAAM,FALSE
[hed__Program_Enrollment__c],a0JBn000000Mzb8MAC,PE-1203710,001Bn00000Gi0zBIAR,,,,0038r0000040Ua6AAE,,0,FALSE,,Offered,,,a0KBn000008R6RJMA0,,2024-07-22,,,Offered,,Offered,,0019h000001wVUIAA2,0019h000001wVSgAAM,FALSE
[hed__Program_Enrollment__c],a0JBn000000MzcjMAC,PE-1203674,001Bn00000Gi0zBIAR,,,,0038r0000040Ua6AAE,,0,FALSE,,Offered,,,a0KBn000008R7KAMA0,,2024-07-22,,,Offered,,Offered,,0019h000001wVUIAA2,0019h000001wVSgAAM,FALSE
[hed__Program_Enrollment__c],a0JBn000000MzckMAC,PE-1203727,001Bn00000Gi0zBIAR,,,,0038r0000040Ua6AAE,,0,FALSE,,Offered,,,a0KBn000008R7f7MAC,,2024-07-22,,,Offered,,Offered,,0019h000001wVUIAA2,0019h000001wVSgAAM,FALSE
[hed__Program_Enrollment__c],a0JBn000000MzclMAC,PE-1203742,001Bn00000Gi0zBIAR,,,,0038r0000040Ua6AAE,,0,FALSE,,Offered,,,a0KBn000008R7wrMAC,,2024-07-22,,,Offered,,Offered,,0019h000001wVUIAA2,0019h000001wVSgAAM,FALSE
[hed__Program_Enrollment__c],a0JBn000000MzeLMAS,PE-1203675,001Bn00000Gi0zBIAR,,,,0038r0000040Ua6AAE,,0,FALSE,,Offered,,,a0KBn000008RMB7MAO,,2024-07-22,,,Offered,,Offered,,0019h000001wVUIAA2,0019h000001wVSgAAM,FALSE
[hed__Program_Enrollment__c],a0JBn000000MzfxMAC,PE-1203676,001Bn00000Gi0zBIAR,,,,0038r0000040Ua6AAE,,0,FALSE,,Offered,,,a0KBn000008RMCkMAO,,2024-07-22,,,Offered,,Offered,,0019h000001wVUIAA2,0019h000001wVSgAAM,FALSE
[hed__Program_Enrollment__c],a0JBn000000MzhZMAS,PE-1203677,001Bn00000Gi0zBIAR,,,,0038r0000040Ua6AAE,,0,FALSE,,Offered,,,a0KBn000008RNqLMAW,,2024-07-22,,,Offered,,Offered,,0019h000001wVUIAA2,0019h000001wVSgAAM,FALSE
[hed__Program_Enrollment__c],a0JBn000000MzjBMAS,PE-1203678,001Bn00000Gi0zBIAR,,,,0038r0000040Ua6AAE,,0,FALSE,,Offered,,,a0KBn000008RPXBMA4,,2024-07-22,,,Offered,,Offered,,0019h000001wVUIAA2,0019h000001wVSgAAM,FALSE
[hed__Program_Enrollment__c],a0JBn000000MzknMAC,PE-1203679,001Bn00000Gi0zBIAR,,,,0038r0000040Ua6AAE,,0,FALSE,,Offered,,,a0KBn000008RPvNMAW,,2024-07-22,,,Offered,,Offered,,0019h000001wVUIAA2,0019h000001wVSgAAM,FALSE
[hed__Program_Enrollment__c],a0JBn000000MzmPMAS,PE-1203680,001Bn00000Gi0zBIAR,,,,0038r0000040Ua6AAE,,0,FALSE,,Offered,,,a0KBn000008RPybMAG,,2024-07-22,,,Offered,,Offered,,0019h000001wVUIAA2,0019h000001wVSgAAM,FALSE
[hed__Program_Enrollment__c],a0JBn000000Mzo1MAC,PE-1203681,001Bn00000Gi0zBIAR,,,,0038r0000040Ua6AAE,,0,FALSE,,Offered,,,a0KBn000008RQMnMAO,,2024-07-22,,,Offered,,Offered,,0019h000001wVUIAA2,0019h000001wVSgAAM,FALSE
[hed__Program_Enrollment__c],a0JBn000000MzpeMAC,PE-1203729,001Bn00000Gi0zBIAR,,,,0038r0000042P85AAE,,0,FALSE,,Offered,,,a0KBn000008RbA9MAK,,2024-07-22,,,Offered,,Offered,,0019h000001wVUIAA2,0019h000001wVSgAAM,FALSE
[hed__Program_Enrollment__c],a0JBn000000MzrFMAS,PE-1203682,001Bn00000Gi0zBIAR,,,,0038r0000042P85AAE,,0,FALSE,,Offered,,,a0KBn000008RbWkMAK,,2024-07-22,,,Offered,,Offered,,0019h000001wVUIAA2,0019h000001wVSgAAM,FALSE
[hed__Program_Enrollment__c],a0JBn000000MzsrMAC,PE-1203683,001Bn00000Gi0zBIAR,,,,0038r0000042P85AAE,,0,FALSE,,Offered,,,a0KBn000008RbepMAC,,2024-07-22,,,Offered,,Offered,,0019h000001wVUIAA2,0019h000001wVSgAAM,FALSE
[hed__Program_Enrollment__c],a0JBn000000MzssMAC,PE-1203752,001Bn00000Gi0zBIAR,,,,0038r0000042P85AAE,,0,FALSE,,Offered,,,a0KBn000008RdWvMAK,,2024-07-22,,,Offered,,Offered,,0019h000001wVUIAA2,0019h000001wVSgAAM,FALSE
[hed__Program_Enrollment__c],a0JBn000000MzuTMAS,PE-1203684,001Bn00000Gi0zBIAR,,,,0038r0000042P85AAE,,0,FALSE,,Offered,,,a0KBn000008RhvVMAS,,2024-07-22,,,Offered,,Offered,,0019h000001wVUIAA2,0019h000001wVSgAAM,FALSE
[hed__Program_Enrollment__c],a0JBn000000Mzw5MAC,PE-1203685,001Bn00000Gi0zBIAR,,,,0038r0000042P85AAE,,0,FALSE,,Offered,,,a0KBn000008RiErMAK,,2024-07-22,,,Offered,,Offered,,0019h000001wVUIAA2,0019h000001wVSgAAM,FALSE
[hed__Program_Enrollment__c],a0JBn000000MzxhMAC,PE-1203686,001Bn00000Gi0zBIAR,,,,0038r0000042P85AAE,,0,FALSE,,Offered,,,a0KBn000008S4qTMAS,,2024-07-22,,,Offered,,Offered,,0019h000001wVUIAA2,0019h000001wVSgAAM,FALSE
[hed__Program_Enrollment__c],a0JBn000000MzxiMAC,PE-1203692,001Bn00000Gi0zBIAR,,,,0038r0000042P85AAE,,0,FALSE,,Offered,,,a0KBn000008S4wwMAC,,2024-07-22,,,Offered,,Offered,,0019h000001wVUIAA2,0019h000001wVSgAAM,FALSE
[hed__Program_Enrollment__c],a0JBn000000MzzJMAS,PE-1203687,001Bn00000Gi0zBIAR,,,,0038r0000042P85AAE,,0,FALSE,,Offered,,,a0KBn000008SVNeMAO,,2024-07-22,,,Offered,,Offered,,0019h000001wVUIAA2,0019h000001wVSgAAM,FALSE
[hed__Program_Enrollment__c],a0JBn000000MzzKMAS,PE-1203691,001Bn00000Gi0zBIAR,,,,0038r0000042P85AAE,,0,FALSE,,Offered,,,a0KBn000008SXFoMAO,,2024-07-22,,,Offered,,Offered,,0019h000001wVUIAA2,0019h000001wVSgAAM,FALSE
[hed__Program_Enrollment__c],a0JBn000000N00vMAC,PE-1203689,001Bn00000Gi0zBIAR,,,,0038r0000042P85AAE,,0,FALSE,,Offered,,,a0KBn000008SXJ0MAO,,2024-07-22,,,Offered,,Offered,,0019h000001wVUIAA2,0019h000001wVSgAAM,FALSE
[hed__Program_Enrollment__c],a0JBn000000N00wMAC,PE-1203733,001Bn00000Gi0zBIAR,,,,0038r0000042P85AAE,,0,FALSE,,Offered,,,a0KBn000008SYoXMAW,,2024-07-22,,,Offered,,Offered,,0019h000001wVUIAA2,0019h000001wVSgAAM,FALSE
[hed__Program_Enrollment__c],a0JBn000000N02XMAS,PE-1203690,001Bn00000Gi0zBIAR,,,,0038r0000042P85AAE,,0,FALSE,,Offered,,,a0KBn000008SZ7vMAG,,2024-07-22,,,Offered,,Offered,,0019h000001wVUIAA2,0019h000001wVSgAAM,FALSE
[hed__Program_Enrollment__c],a0JBn000000N05lMAC,PE-1203693,001Bn00000Gi0zBIAR,,,,0038r0000042P85AAE,,0,FALSE,,Offered,,,a0KBn000008SZxVMAW,,2024-07-22,,,Offered,,Offered,,0019h000001wVUIAA2,0019h000001wVSgAAM,FALSE
[hed__Program_Enrollment__c],a0JBn000000N07NMAS,PE-1203694,001Bn00000Gi0zBIAR,,,,0038r0000042P85AAE,,0,FALSE,,Offered,,,a0KBn000008SaGrMAK,,2024-07-22,,,Offered,,Offered,,0019h000001wVUIAA2,0019h000001wVSgAAM,FALSE
[hed__Program_Enrollment__c],a0JBn000000N08zMAC,PE-1203695,001Bn00000Gi0zBIAR,,,,0038r0000042P85AAE,,0,FALSE,,Offered,,,a0KBn000008SfrdMAC,,2024-07-22,,,Offered,,Offered,,0019h000001wVUIAA2,0019h000001wVSgAAM,FALSE
[hed__Program_Enrollment__c],a0JBn000000N0AbMAK,PE-1203696,001Bn00000Gi0zBIAR,,,,0038r0000042P85AAE,,0,FALSE,,Offered,,,a0KBn000008SjaHMAS,,2024-07-22,,,Offered,,Offered,,0019h000001wVUIAA2,0019h000001wVSgAAM,FALSE
[hed__Program_Enrollment__c],a0JBn000000N0AcMAK,PE-1203697,001Bn00000Gi0zBIAR,,,,0038r0000042P85AAE,,0,FALSE,,Offered,,,a0KBn000008T1IfMAK,,2024-07-22,,,Offered,,Offered,,0019h000001wVUIAA2,0019h000001wVSgAAM,FALSE
[hed__Program_Enrollment__c],a0JBn000000N0CDMA0,PE-1203698,001Bn00000Gi0zBIAR,,,,0038r0000042P85AAE,,0,FALSE,,Offered,,,a0KBn000008T23SMAS,,2024-07-22,,,Offered,,Offered,,0019h000001wVUIAA2,0019h000001wVSgAAM,FALSE
[hed__Program_Enrollment__c],a0JBn000000N0DpMAK,PE-1203699,001Bn00000Gi0zBIAR,,,,0038r0000042P85AAE,,0,FALSE,,Offered,,,a0KBn000008T3kHMAS,,2024-07-22,,,Offered,,Offered,,0019h000001wVUIAA2,0019h000001wVSgAAM,FALSE
[hed__Program_Enrollment__c],a0JBn000000N0DqMAK,PE-1203714,001Bn00000Gi0zBIAR,,,,0038r0000042P85AAE,,0,FALSE,,Offered,,,a0KBn000008T3qkMAC,,2024-07-22,,,Offered,,Offered,,0019h000001wVUIAA2,0019h000001wVSgAAM,FALSE
[hed__Program_Enrollment__c],a0JBn000000N0FRMA0,PE-1203700,001Bn00000Gi0zBIAR,,,,0038r0000042P85AAE,,0,FALSE,,Offered,,,a0KBn000008T4YHMA0,,2024-07-22,,,Offered,,Offered,,0019h000001wVUIAA2,0019h000001wVSgAAM,FALSE
[hed__Program_Enrollment__c],a0JBn000000N0H3MAK,PE-1203701,001Bn00000Gi0zBIAR,,,,0038r0000042P85AAE,,0,FALSE,,Offered,,,a0KBn000008T4hxMAC,,2024-07-22,,,Offered,,Offered,,0019h000001wVUIAA2,0019h000001wVSgAAM,FALSE
[hed__Program_Enrollment__c],a0JBn000000N0H4MAK,PE-1203741,001Bn00000Gi0zBIAR,,,,0038r0000042P85AAE,,0,FALSE,,Offered,,,a0KBn000008T4wTMAS,,2024-07-22,,,Offered,,Offered,,0019h000001wVUIAA2,0019h000001wVSgAAM,FALSE
[hed__Program_Enrollment__c],a0JBn000000N0LtMAK,PE-1203702,001Bn00000Gi0zBIAR,,,,0038r0000042P85AAE,,0,FALSE,,Offered,,,a0KBn000008T6VFMA0,,2024-07-22,,,Offered,,Offered,,0019h000001wVUIAA2,0019h000001wVSgAAM,FALSE
[hed__Program_Enrollment__c],a0JBn000000N0NVMA0,PE-1203703,001Bn00000Gi0zBIAR,,,,0038r0000042P85AAE,,0,FALSE,,Offered,,,a0KBn000008T7vxMAC,,2024-07-22,,,Offered,,Offered,,0019h000001wVUIAA2,0019h000001wVSgAAM,FALSE
[hed__Program_Enrollment__c],a0JBn000000N0NWMA0,PE-1203768,001Bn00000Gi0zBIAR,,,,0038r0000042P85AAE,,0,FALSE,,Offered,,,a0KBn000008TAdiMAG,,2024-07-22,,,Offered,,Offered,,0019h000001wVUIAA2,0019h000001wVSgAAM,FALSE
[hed__Program_Enrollment__c],a0JBn000000N0P7MAK,PE-1203704,001Bn00000Gi0zBIAR,,,,0038r0000042P85AAE,,0,FALSE,,Offered,,,a0KBn000008TFv7MAG,,2024-07-22,,,Offered,,Offered,,0019h000001wVUIAA2,0019h000001wVSgAAM,FALSE
[hed__Program_Enrollment__c],a0JBn000000N0QjMAK,PE-1203705,001Bn00000Gi0zBIAR,,,,0038r0000042P85AAE,,0,FALSE,,Offered,,,a0KBn000008TGO9MAO,,2024-07-22,,,Offered,,Offered,,0019h000001wVUIAA2,0019h000001wVSgAAM,FALSE
[hed__Program_Enrollment__c],a0JBn000000N0SLMA0,PE-1203706,001Bn00000Gi0zBIAR,,,,0038r0000042P85AAE,,0,FALSE,,Offered,,,a0KBn000008TX7FMAW,,2024-07-22,,,Offered,,Offered,,0019h000001wVUIAA2,0019h000001wVSgAAM,FALSE
[hed__Program_Enrollment__c],a0JBn000000N0SMMA0,PE-1203743,001Bn00000Gi0zBIAR,,,,0038r0000042P85AAE,,0,FALSE,,Offered,,,a0KBn000008TXqQMAW,,2024-07-22,,,Offered,,Offered,,0019h000001wVUIAA2,0019h000001wVSgAAM,FALSE
[hed__Program_Enrollment__c],a0JBn000000N0TxMAK,PE-1203707,001Bn00000Gi0zBIAR,,,,0038r0000042P85AAE,,0,FALSE,,Offered,,,a0KBn000008TYhdMAG,,2024-07-22,,,Offered,,Offered,,0019h000001wVUIAA2,0019h000001wVSgAAM,FALSE
[hed__Program_Enrollment__c],a0JBn000000N0VZMA0,PE-1203708,001Bn00000Gi0zBIAR,,,,0038r0000042P85AAE,,0,FALSE,,Offered,,,a0KBn000008TaY9MAK,,2024-07-22,,,Offered,,Offered,,0019h000001wVUIAA2,0019h000001wVSgAAM,FALSE
[hed__Program_Enrollment__c],a0JBn000000N0XBMA0,PE-1203709,001Bn00000Gi0zBIAR,,,,0038r0000042P85AAE,,0,FALSE,,Offered,,,a0KBn000008Tal4MAC,,2024-07-22,,,Offered,,Offered,,0019h000001wVUIAA2,0019h000001wVSgAAM,FALSE
[hed__Program_Enrollment__c],a0JBn000000N0fFMAS,PE-1203711,001Bn00000Gi0zBIAR,,,,0038r0000042P85AAE,,0,FALSE,,Offered,,,a0KBn000008TbfVMAS,,2024-07-22,,,Offered,,Offered,,0019h000001wVUIAA2,0019h000001wVSgAAM,FALSE
[hed__Program_Enrollment__c],a0JBn000000N0fGMAS,PE-1203764,001Bn00000Gi0zBIAR,,,,0038r0000042P85AAE,,0,FALSE,,Offered,,,a0KBn000008Tc3hMAC,,2024-07-22,,,Offered,,Offered,,0019h000001wVUIAA2,0019h000001wVSgAAM,FALSE
[hed__Program_Enrollment__c],a0JBn000000N0grMAC,PE-1203712,001Bn00000Gi0zBIAR,,,,0038r0000042P85AAE,,0,FALSE,,Offered,,,a0KBn000008TnAPMA0,,2024-07-22,,,Offered,,Offered,,0019h000001wVUIAA2,0019h000001wVSgAAM,FALSE
[hed__Program_Enrollment__c],a0JBn000000N0gsMAC,PE-1203718,001Bn00000Gi0zBIAR,,,,0038r0000042P85AAE,,0,FALSE,,Offered,,,a0KBn000008TpIfMAK,,2024-07-22,,,Offered,,Offered,,0019h000001wVUIAA2,0019h000001wVSgAAM,FALSE
[hed__Program_Enrollment__c],a0JBn000000N0iTMAS,PE-1203716,001Bn00000Gi0zBIAR,,,,0038r0000042P85AAE,,0,FALSE,,Offered,,,a0KBn000008Tq0EMAS,,2024-07-22,,,Offered,,Offered,,0019h000001wVUIAA2,0019h000001wVSgAAM,FALSE
[hed__Program_Enrollment__c],a0JBn000000N0k5MAC,PE-1203719,001Bn00000Gi0zBIAR,,,,0038r0000042P85AAE,,0,FALSE,,Offered,,,a0KBn000008TqD7MAK,,2024-07-22,,,Offered,,Offered,,0019h000001wVUIAA2,0019h000001wVSgAAM,FALSE
[hed__Program_Enrollment__c],a0JBn000000N0lhMAC,PE-1203720,001Bn00000Gi0zBIAR,,,,0038r0000042P85AAE,,0,FALSE,,Offered,,,a0KBn000008UD1dMAG,,2024-07-22,,,Offered,,Offered,,0019h000001wVUIAA2,0019h000001wVSgAAM,FALSE
[hed__Program_Enrollment__c],a0JBn000000N0ovMAC,PE-1203722,001Bn00000Gi0zBIAR,,,,0038r0000042P85AAE,,0,FALSE,,Offered,,,a0KBn000008UDb7MAG,,2024-07-22,,,Offered,,Offered,,0019h000001wVUIAA2,0019h000001wVSgAAM,FALSE
[hed__Program_Enrollment__c],a0JBn000000N0owMAC,PE-1203728,001Bn00000Gi0zBIAR,,,,0038r0000042P85AAE,,0,FALSE,,Offered,,,a0KBn000008UECDMA4,,2024-07-22,,,Offered,,Offered,,0019h000001wVUIAA2,0019h000001wVSgAAM,FALSE
[hed__Program_Enrollment__c],a0JBn000000N0qXMAS,PE-1203723,001Bn00000Gi0zBIAR,,,,0038r0000042P85AAE,,0,FALSE,,Offered,,,a0KBn000008UEIfMAO,,2024-07-22,,,Offered,,Offered,,0019h000001wVUIAA2,0019h000001wVSgAAM,FALSE
[hed__Program_Enrollment__c],a0JBn000000N0s9MAC,PE-1203724,001Bn00000Gi0zBIAR,,,,0038r0000042P85AAE,,0,FALSE,,Offered,,,a0KBn000008UEc2MAG,,2024-07-22,,,Offered,,Offered,,0019h000001wVUIAA2,0019h000001wVSgAAM,FALSE
[hed__Program_Enrollment__c],a0JBn000000N0tlMAC,PE-1203725,001Bn00000Gi0zBIAR,,,,0038r0000042P85AAE,,0,FALSE,,Offered,,,a0KBn000008UN7RMAW,,2024-07-22,,,Offered,,Offered,,0019h000001wVUIAA2,0019h000001wVSgAAM,FALSE
[hed__Program_Enrollment__c],a0JBn000000N0vNMAS,PE-1203730,001Bn00000Gi0zBIAR,,,,0038r0000042P85AAE,,0,FALSE,,Offered,,,a0KBn000008UOEnMAO,,2024-07-22,,,Offered,,Offered,,0019h000001wVUIAA2,0019h000001wVSgAAM,FALSE
[hed__Program_Enrollment__c],a0JBn000000N0wzMAC,PE-1203731,001Bn00000Gi0zBIAR,,,,0038r0000042P85AAE,,0,FALSE,,Offered,,,a0KBn000008UP61MAG,,2024-07-22,,,Offered,,Offered,,0019h000001wVUIAA2,0019h000001wVSgAAM,FALSE
[hed__Program_Enrollment__c],a0JBn000000N0ybMAC,PE-1203732,001Bn00000Gi0zBIAR,,,,0038r0000042P85AAE,,0,FALSE,,Offered,,,a0KBn000008UPHJMA4,,2024-07-22,,,Offered,,Offered,,0019h000001wVUIAA2,0019h000001wVSgAAM,FALSE