Id,FirstName,LastName,Email,Status,Lead_Type__c,Company,LeadSource
00Q8r000000gYX4EAM,Miss,Leads,missleadslim@email.com,New,CCE Corporate Partner,ACN,Outbound Enquiry
00Q8r000000jvzpEAA,Miss,Happy,happy@email.com,New,CCE Corporate Partner,Acn,Outbound Enquiry
00Q8r000000kdw2EAA,Miss S5,Intl AC6 S5,intlac5s5@email.com,New,CCE Corporate Partner,acn,Outbound Enquiry
00Q8r000000keH0EAI,Miss,DOM AC1,domac1@email.com,New,CCE Corporate Partner,ACN,Outbound Enquiry
00Q8r000000kefCEAQ,Miss Y11,DOM AC4,domac4@email.com,New,CCE Corporate Partner,acn,Outbound Enquiry
00Q8r000000kenfEAA,Miss All,DOM AC5,domac5@email.com,New,CCE Corporate Partner,acn,Outbound Enquiry
00Q8r000000kevLEAQ,Miss Y10,DOM AC6,domac6@email.com,New,CCE Corporate Partner,acn,Outbound Enquiry
00Q8r000000kf3OEAQ,Miss,Intl AC3,intlac3@email.com,New,CCE Corporate Partner,acn,Outbound Enquiry
00Q8r000000kfL7EAI,Miss,DOM AC2,domac2@email.com,New,CCE Corporate Partner,acn,Outbound Enquiry
00Q8r000000kfbFEAQ,Miss,DOM AC3,domac3@email.com,New,CCE Corporate Partner,acn,Outbound Enquiry
00Q8r000000kfbGEAQ,Miss,Intl AC7,intlac7@email.com,New,CCE Corporate Partner,acn,Outbound Enquiry
00Q8r000000kfudEAA,Miss,Intl AC4,intlac4@email.com,New,CCE Corporate Partner,acn,Outbound Enquiry
00Q8r000000kgFaEAI,Miss P,DOM AC8,domac8@email.com,New,CCE Corporate Partner,acn,Outbound Enquiry
00Q8r000000kgSUEAY,Miss S1,Intl AC5 S1,intlac5@email.com,New,CCE Corporate Partner,acn,Outbound Enquiry
00Q8r000000kgnREAQ,Miss,Intl AC2,intlac2@email.com,New,CCE Corporate Partner,acn,Outbound Enquiry
00Q8r000000kh1xEAA,Miss S2,Intl AC5 S2,intilac5s2@email.com,New,CCE Corporate Partner,acn,Outbound Enquiry
00Q8r000000khA1EAI,Miss S3,Intl AC5 S3,intlac3s3@email.com,New,CCE Corporate Partner,acn,Outbound Enquiry
00Q8r000000khDFEAY,Miss S4,Intl AC6 S4,intlac5s4@email.com,New,CCE Corporate Partner,acn,Outbound Enquiry
00Q8r000000kknqEAA,Miss P,DOM AC82,domac82@email.com,New,CCE Corporate Partner,acn,Outbound Enquiry
00Q8r000000g8M9EAI,Marc,Jacobs,marcjacobs@email.com,New,CCE Corporate Partner,MJ Inc,Outbound Enquiry
00Q8r000000hkvdEAA,Christian,Albert,christianceo@email.com,New,CCE Corporate Partner,Surreal Real Estate,Outbound Enquiry
00Q8r000000ds8bEAA,Keith,Ancheta Test,keithaudrey@gmail.com,New,CCE Corporate Partner,Accenture,Outbound Enquiry
00Q8r000000g5PtEAI,Katrina,Enrera,katrina.enrera@yahoo.com,New,CCE Corporate Partner,acn,Outbound Enquiry
00Q8r000000hkvdEAA,Christian,Albert,christianceo@email.com,New,CCE Corporate Partner,Surreal Real Estate,Outbound Enquiry
00Q8r000000o4JlEAI,Gon,Freeces,gon@test.com,New,CCE Corporate Partner,acn,Outbound Enquiry
